{"summaries":[{"symbol":{"__symbol":0,"members":[]},"metadata":{"__symbolic":"class","members":{"__ctor__":[{"__symbolic":"constructor","parameters":[{"__symbol":1,"members":[]}]}]}},"type":{"summaryKind":1,"type":{"reference":{"__symbol":0,"members":[]},"diDeps":[{"isAttribute":false,"isHost":false,"isSelf":false,"isSkipSelf":false,"isOptional":false,"token":{"identifier":{"reference":{"__symbol":1,"members":[]}}}}],"lifecycleHooks":[]},"isComponent":true,"selector":"ng-app","exportAs":null,"inputs":{},"outputs":{},"hostListeners":{},"hostProperties":{},"hostAttributes":{},"providers":[],"viewProviders":[],"queries":[],"viewQueries":[],"entryComponents":[],"changeDetection":1,"template":{"animations":[],"ngContentSelectors":[],"encapsulation":0},"componentViewType":{"__symbol":2,"members":[]},"rendererType":{"__symbol":3,"members":[]},"componentFactory":{"__symbol":4,"members":[]}}}],"symbols":[{"__symbol":0,"name":"AppComponent","filePath":"C:/Projects/Kaiser/LocalProjects/angular2-aot-webpack-master/src/app/components/app.component.d.ts"},{"__symbol":1,"name":"ElementRef","filePath":"C:/Projects/Kaiser/LocalProjects/angular2-aot-webpack-master/node_modules/@angular/core/core.d.ts"},{"__symbol":2,"name":"View_AppComponent_0","filePath":"C:/Projects/Kaiser/LocalProjects/angular2-aot-webpack-master/src/app/components/app.component.ngfactory.d.ts"},{"__symbol":3,"name":"RenderType_AppComponent","filePath":"C:/Projects/Kaiser/LocalProjects/angular2-aot-webpack-master/src/app/components/app.component.ngfactory.d.ts"},{"__symbol":4,"name":"AppComponentNgFactory","filePath":"C:/Projects/Kaiser/LocalProjects/angular2-aot-webpack-master/src/app/components/app.component.ngfactory.d.ts"}]}