{"summaries":[{"symbol":{"__symbol":0,"members":[]},"metadata":{"__symbolic":"class","members":{"aemId":[{"__symbolic":"property","decorators":[{"__symbolic":"call","expression":{"__symbol":1,"members":[]},"arguments":["aemInstanceId"]}]}],"ngOnInit":[{"__symbolic":"method"}]}},"type":{"summaryKind":1,"type":{"reference":{"__symbol":0,"members":[]},"diDeps":[],"lifecycleHooks":[0]},"isComponent":true,"selector":"hello-world","exportAs":null,"inputs":{"aemId":"aemInstanceId"},"outputs":{},"hostListeners":{},"hostProperties":{},"hostAttributes":{},"providers":[],"viewProviders":[],"queries":[],"viewQueries":[],"entryComponents":[],"changeDetection":1,"template":{"animations":[],"ngContentSelectors":[],"encapsulation":0},"componentViewType":{"__symbol":2,"members":[]},"rendererType":{"__symbol":3,"members":[]},"componentFactory":{"__symbol":4,"members":[]}}}],"symbols":[{"__symbol":0,"name":"HelloWorldComponent","filePath":"C:/Projects/Kaiser/LocalProjects/angular2-aot-webpack-master/src/app/components/hello-world.component.d.ts"},{"__symbol":1,"name":"Input","filePath":"C:/Projects/Kaiser/LocalProjects/angular2-aot-webpack-master/node_modules/@angular/core/core.d.ts"},{"__symbol":2,"name":"View_HelloWorldComponent_0","filePath":"C:/Projects/Kaiser/LocalProjects/angular2-aot-webpack-master/src/app/components/hello-world.component.ngfactory.d.ts"},{"__symbol":3,"name":"RenderType_HelloWorldComponent","filePath":"C:/Projects/Kaiser/LocalProjects/angular2-aot-webpack-master/src/app/components/hello-world.component.ngfactory.d.ts"},{"__symbol":4,"name":"HelloWorldComponentNgFactory","filePath":"C:/Projects/Kaiser/LocalProjects/angular2-aot-webpack-master/src/app/components/hello-world.component.ngfactory.d.ts"}]}