{"summaries":[{"symbol":{"__symbol":0,"members":[]},"metadata":{"__symbol":1,"members":[]}},{"symbol":{"__symbol":2,"members":[]},"metadata":{"__symbolic":"class"},"type":{"summaryKind":2,"type":{"reference":{"__symbol":2,"members":[]},"diDeps":[],"lifecycleHooks":[]},"entryComponents":[{"componentType":{"__symbol":1,"members":[]},"componentFactory":{"__symbol":3,"members":[]}}],"providers":[{"provider":{"token":{"identifier":{"reference":{"__symbol":4,"members":[]}}},"useClass":{"reference":{"__symbol":5,"members":[]},"diDeps":[{"isAttribute":false,"isHost":false,"isSelf":false,"isSkipSelf":false,"isOptional":false,"token":{"identifier":{"reference":{"__symbol":6,"members":[]}}}}],"lifecycleHooks":[]},"useFactory":null,"deps":[{"isAttribute":false,"isHost":false,"isSelf":false,"isSkipSelf":false,"isOptional":false,"token":{"identifier":{"reference":{"__symbol":6,"members":[]}}}}],"multi":false},"module":{"reference":{"__symbol":7,"members":[]},"diDeps":[],"lifecycleHooks":[]}},{"provider":{"token":{"identifier":{"reference":{"__symbol":8,"members":[]},"diDeps":[{"isAttribute":false,"isHost":false,"isSelf":false,"isSkipSelf":false,"isOptional":false,"token":{"identifier":{"reference":{"__symbol":9,"members":[]}}}},{"isAttribute":false,"isHost":false,"isSelf":false,"isSkipSelf":false,"isOptional":false,"token":{"identifier":{"reference":{"__symbol":10,"members":[]}}}},{"isAttribute":false,"isHost":false,"isSelf":false,"isSkipSelf":false,"isOptional":false,"token":{"identifier":{"reference":{"__symbol":11,"members":[]}}}},{"isAttribute":false,"isHost":false,"isSelf":false,"isSkipSelf":false,"isOptional":false,"token":{"identifier":{"reference":{"__symbol":12,"members":[]}}}},{"isAttribute":false,"isHost":false,"isSelf":false,"isSkipSelf":false,"isOptional":false,"token":{"identifier":{"reference":{"__symbol":13,"members":[]}}}},{"isAttribute":false,"isHost":false,"isSelf":false,"isSkipSelf":false,"isOptional":false,"token":{"identifier":{"reference":{"__symbol":14,"members":[]}}}}],"lifecycleHooks":[1]}},"useClass":{"reference":{"__symbol":8,"members":[]},"diDeps":[{"isAttribute":false,"isHost":false,"isSelf":false,"isSkipSelf":false,"isOptional":false,"token":{"identifier":{"reference":{"__symbol":9,"members":[]}}}},{"isAttribute":false,"isHost":false,"isSelf":false,"isSkipSelf":false,"isOptional":false,"token":{"identifier":{"reference":{"__symbol":10,"members":[]}}}},{"isAttribute":false,"isHost":false,"isSelf":false,"isSkipSelf":false,"isOptional":false,"token":{"identifier":{"reference":{"__symbol":11,"members":[]}}}},{"isAttribute":false,"isHost":false,"isSelf":false,"isSkipSelf":false,"isOptional":false,"token":{"identifier":{"reference":{"__symbol":12,"members":[]}}}},{"isAttribute":false,"isHost":false,"isSelf":false,"isSkipSelf":false,"isOptional":false,"token":{"identifier":{"reference":{"__symbol":13,"members":[]}}}},{"isAttribute":false,"isHost":false,"isSelf":false,"isSkipSelf":false,"isOptional":false,"token":{"identifier":{"reference":{"__symbol":14,"members":[]}}}}],"lifecycleHooks":[1]},"useFactory":null,"deps":[{"isAttribute":false,"isHost":false,"isSelf":false,"isSkipSelf":false,"isOptional":false,"token":{"identifier":{"reference":{"__symbol":9,"members":[]}}}},{"isAttribute":false,"isHost":false,"isSelf":false,"isSkipSelf":false,"isOptional":false,"token":{"identifier":{"reference":{"__symbol":10,"members":[]}}}},{"isAttribute":false,"isHost":false,"isSelf":false,"isSkipSelf":false,"isOptional":false,"token":{"identifier":{"reference":{"__symbol":11,"members":[]}}}},{"isAttribute":false,"isHost":false,"isSelf":false,"isSkipSelf":false,"isOptional":false,"token":{"identifier":{"reference":{"__symbol":12,"members":[]}}}},{"isAttribute":false,"isHost":false,"isSelf":false,"isSkipSelf":false,"isOptional":false,"token":{"identifier":{"reference":{"__symbol":13,"members":[]}}}},{"isAttribute":false,"isHost":false,"isSelf":false,"isSkipSelf":false,"isOptional":false,"token":{"identifier":{"reference":{"__symbol":14,"members":[]}}}}],"multi":false},"module":{"reference":{"__symbol":15,"members":[]},"diDeps":[{"isAttribute":false,"isHost":false,"isSelf":false,"isSkipSelf":false,"isOptional":false,"token":{"identifier":{"reference":{"__symbol":16,"members":[]}}}}],"lifecycleHooks":[]}},{"provider":{"token":{"identifier":{"reference":{"__symbol":16,"members":[]}}},"useClass":null,"useFactory":null,"useExisting":{"identifier":{"reference":{"__symbol":8,"members":[]}}},"multi":false},"module":{"reference":{"__symbol":15,"members":[]},"diDeps":[{"isAttribute":false,"isHost":false,"isSelf":false,"isSkipSelf":false,"isOptional":false,"token":{"identifier":{"reference":{"__symbol":16,"members":[]}}}}],"lifecycleHooks":[]}},{"provider":{"token":{"identifier":{"reference":{"__symbol":14,"members":[]},"diDeps":[{"isAttribute":false,"isHost":false,"isSelf":false,"isSkipSelf":false,"isOptional":true,"token":{"identifier":{"reference":{"__symbol":17,"members":[]}}}}],"lifecycleHooks":[]}},"useClass":{"reference":{"__symbol":14,"members":[]},"diDeps":[{"isAttribute":false,"isHost":false,"isSelf":false,"isSkipSelf":false,"isOptional":true,"token":{"identifier":{"reference":{"__symbol":17,"members":[]}}}}],"lifecycleHooks":[]},"useFactory":null,"deps":[{"isAttribute":false,"isHost":false,"isSelf":false,"isSkipSelf":false,"isOptional":true,"token":{"identifier":{"reference":{"__symbol":17,"members":[]}}}}],"multi":false},"module":{"reference":{"__symbol":15,"members":[]},"diDeps":[{"isAttribute":false,"isHost":false,"isSelf":false,"isSkipSelf":false,"isOptional":false,"token":{"identifier":{"reference":{"__symbol":16,"members":[]}}}}],"lifecycleHooks":[]}},{"provider":{"token":{"identifier":{"reference":{"__symbol":18,"members":[]},"diDeps":[],"lifecycleHooks":[]}},"useClass":{"reference":{"__symbol":18,"members":[]},"diDeps":[],"lifecycleHooks":[]},"useFactory":null,"deps":[],"multi":false},"module":{"reference":{"__symbol":15,"members":[]},"diDeps":[{"isAttribute":false,"isHost":false,"isSelf":false,"isSkipSelf":false,"isOptional":false,"token":{"identifier":{"reference":{"__symbol":16,"members":[]}}}}],"lifecycleHooks":[]}},{"provider":{"token":{"identifier":{"reference":{"__symbol":19,"members":[]}}},"useClass":null,"useFactory":{"reference":{"__symbol":20,"members":[]},"diDeps":[]},"deps":[],"multi":false},"module":{"reference":{"__symbol":15,"members":[]},"diDeps":[{"isAttribute":false,"isHost":false,"isSelf":false,"isSkipSelf":false,"isOptional":false,"token":{"identifier":{"reference":{"__symbol":16,"members":[]}}}}],"lifecycleHooks":[]}},{"provider":{"token":{"identifier":{"reference":{"__symbol":21,"members":[]}}},"useClass":null,"useFactory":{"reference":{"__symbol":22,"members":[]},"diDeps":[]},"deps":[],"multi":false},"module":{"reference":{"__symbol":15,"members":[]},"diDeps":[{"isAttribute":false,"isHost":false,"isSelf":false,"isSkipSelf":false,"isOptional":false,"token":{"identifier":{"reference":{"__symbol":16,"members":[]}}}}],"lifecycleHooks":[]}},{"provider":{"token":{"identifier":{"reference":{"__symbol":23,"members":[]}}},"useClass":null,"useFactory":{"reference":{"__symbol":24,"members":[]},"diDeps":[]},"deps":[],"multi":false},"module":{"reference":{"__symbol":15,"members":[]},"diDeps":[{"isAttribute":false,"isHost":false,"isSelf":false,"isSkipSelf":false,"isOptional":false,"token":{"identifier":{"reference":{"__symbol":16,"members":[]}}}}],"lifecycleHooks":[]}},{"provider":{"token":{"identifier":{"reference":{"__symbol":6,"members":[]}}},"useClass":null,"useFactory":{"reference":{"__symbol":25,"members":[]},"diDeps":[{"isAttribute":false,"isHost":false,"isSelf":false,"isSkipSelf":true,"isOptional":true,"token":{"identifier":{"reference":{"__symbol":6,"members":[]}}}}]},"deps":[{"isAttribute":false,"isHost":false,"isSelf":false,"isSkipSelf":true,"isOptional":true,"token":{"identifier":{"reference":{"__symbol":6,"members":[]}}}}],"multi":false},"module":{"reference":{"__symbol":15,"members":[]},"diDeps":[{"isAttribute":false,"isHost":false,"isSelf":false,"isSkipSelf":false,"isOptional":false,"token":{"identifier":{"reference":{"__symbol":16,"members":[]}}}}],"lifecycleHooks":[]}},{"provider":{"token":{"identifier":{"reference":{"__symbol":17,"members":[]}}},"useClass":null,"useValue":{"__symbol":26,"members":[]},"useFactory":null,"multi":true},"module":{"reference":{"__symbol":15,"members":[]},"diDeps":[{"isAttribute":false,"isHost":false,"isSelf":false,"isSkipSelf":false,"isOptional":false,"token":{"identifier":{"reference":{"__symbol":16,"members":[]}}}}],"lifecycleHooks":[]}},{"provider":{"token":{"identifier":{"reference":{"__symbol":27,"members":[]}}},"useClass":null,"useFactory":null,"useExisting":{"identifier":{"reference":{"__symbol":28,"members":[]}}},"multi":false},"module":{"reference":{"__symbol":29,"members":[]},"diDeps":[{"isAttribute":false,"isHost":false,"isSelf":false,"isSkipSelf":true,"isOptional":true,"token":{"identifier":{"reference":{"__symbol":29,"members":[]}}}}],"lifecycleHooks":[]}},{"provider":{"token":{"identifier":{"reference":{"__symbol":28,"members":[]}}},"useClass":{"reference":{"__symbol":30,"members":[]},"diDeps":[{"isAttribute":false,"isHost":false,"isSelf":false,"isSkipSelf":false,"isOptional":false,"token":{"identifier":{"reference":{"__symbol":31,"members":[]}}}}],"lifecycleHooks":[]},"useFactory":null,"deps":[{"isAttribute":false,"isHost":false,"isSelf":false,"isSkipSelf":false,"isOptional":false,"token":{"identifier":{"reference":{"__symbol":31,"members":[]}}}}],"multi":false},"module":{"reference":{"__symbol":29,"members":[]},"diDeps":[{"isAttribute":false,"isHost":false,"isSelf":false,"isSkipSelf":true,"isOptional":true,"token":{"identifier":{"reference":{"__symbol":29,"members":[]}}}}],"lifecycleHooks":[]}},{"provider":{"token":{"identifier":{"reference":{"__symbol":12,"members":[]}}},"useClass":null,"useFactory":{"reference":{"__symbol":32,"members":[]},"diDeps":[]},"deps":[],"multi":false},"module":{"reference":{"__symbol":29,"members":[]},"diDeps":[{"isAttribute":false,"isHost":false,"isSelf":false,"isSkipSelf":true,"isOptional":true,"token":{"identifier":{"reference":{"__symbol":29,"members":[]}}}}],"lifecycleHooks":[]}},{"provider":{"token":{"identifier":{"reference":{"__symbol":33,"members":[]}}},"useClass":{"reference":{"__symbol":34,"members":[]},"diDeps":[{"isAttribute":false,"isHost":false,"isSelf":false,"isSkipSelf":false,"isOptional":false,"token":{"identifier":{"reference":{"__symbol":31,"members":[]}}}}],"lifecycleHooks":[]},"useFactory":null,"deps":[{"isAttribute":false,"isHost":false,"isSelf":false,"isSkipSelf":false,"isOptional":false,"token":{"identifier":{"reference":{"__symbol":31,"members":[]}}}}],"multi":true},"module":{"reference":{"__symbol":29,"members":[]},"diDeps":[{"isAttribute":false,"isHost":false,"isSelf":false,"isSkipSelf":true,"isOptional":true,"token":{"identifier":{"reference":{"__symbol":29,"members":[]}}}}],"lifecycleHooks":[]}},{"provider":{"token":{"identifier":{"reference":{"__symbol":33,"members":[]}}},"useClass":{"reference":{"__symbol":35,"members":[]},"diDeps":[{"isAttribute":false,"isHost":false,"isSelf":false,"isSkipSelf":false,"isOptional":false,"token":{"identifier":{"reference":{"__symbol":31,"members":[]}}}}],"lifecycleHooks":[]},"useFactory":null,"deps":[{"isAttribute":false,"isHost":false,"isSelf":false,"isSkipSelf":false,"isOptional":false,"token":{"identifier":{"reference":{"__symbol":31,"members":[]}}}}],"multi":true},"module":{"reference":{"__symbol":29,"members":[]},"diDeps":[{"isAttribute":false,"isHost":false,"isSelf":false,"isSkipSelf":true,"isOptional":true,"token":{"identifier":{"reference":{"__symbol":29,"members":[]}}}}],"lifecycleHooks":[]}},{"provider":{"token":{"identifier":{"reference":{"__symbol":33,"members":[]}}},"useClass":{"reference":{"__symbol":36,"members":[]},"diDeps":[{"isAttribute":false,"isHost":false,"isSelf":false,"isSkipSelf":false,"isOptional":false,"token":{"identifier":{"reference":{"__symbol":31,"members":[]}}}},{"isAttribute":false,"isHost":false,"isSelf":false,"isSkipSelf":false,"isOptional":false,"token":{"identifier":{"reference":{"__symbol":37,"members":[]}}}}],"lifecycleHooks":[]},"useFactory":null,"deps":[{"isAttribute":false,"isHost":false,"isSelf":false,"isSkipSelf":false,"isOptional":false,"token":{"identifier":{"reference":{"__symbol":31,"members":[]}}}},{"isAttribute":false,"isHost":false,"isSelf":false,"isSkipSelf":false,"isOptional":false,"token":{"identifier":{"reference":{"__symbol":37,"members":[]}}}}],"multi":true},"module":{"reference":{"__symbol":29,"members":[]},"diDeps":[{"isAttribute":false,"isHost":false,"isSelf":false,"isSkipSelf":true,"isOptional":true,"token":{"identifier":{"reference":{"__symbol":29,"members":[]}}}}],"lifecycleHooks":[]}},{"provider":{"token":{"identifier":{"reference":{"__symbol":37,"members":[]}}},"useClass":{"reference":{"__symbol":38,"members":[]},"diDeps":[],"lifecycleHooks":[]},"useFactory":null,"deps":[],"multi":false},"module":{"reference":{"__symbol":29,"members":[]},"diDeps":[{"isAttribute":false,"isHost":false,"isSelf":false,"isSkipSelf":true,"isOptional":true,"token":{"identifier":{"reference":{"__symbol":29,"members":[]}}}}],"lifecycleHooks":[]}},{"provider":{"token":{"identifier":{"reference":{"__symbol":39,"members":[]},"diDeps":[{"isAttribute":false,"isHost":false,"isSelf":false,"isSkipSelf":false,"isOptional":false,"token":{"identifier":{"reference":{"__symbol":40,"members":[]}}}},{"isAttribute":false,"isHost":false,"isSelf":false,"isSkipSelf":false,"isOptional":false,"token":{"identifier":{"reference":{"__symbol":41,"members":[]}}}}],"lifecycleHooks":[]}},"useClass":{"reference":{"__symbol":39,"members":[]},"diDeps":[{"isAttribute":false,"isHost":false,"isSelf":false,"isSkipSelf":false,"isOptional":false,"token":{"identifier":{"reference":{"__symbol":40,"members":[]}}}},{"isAttribute":false,"isHost":false,"isSelf":false,"isSkipSelf":false,"isOptional":false,"token":{"identifier":{"reference":{"__symbol":41,"members":[]}}}}],"lifecycleHooks":[]},"useFactory":null,"deps":[{"isAttribute":false,"isHost":false,"isSelf":false,"isSkipSelf":false,"isOptional":false,"token":{"identifier":{"reference":{"__symbol":40,"members":[]}}}},{"isAttribute":false,"isHost":false,"isSelf":false,"isSkipSelf":false,"isOptional":false,"token":{"identifier":{"reference":{"__symbol":41,"members":[]}}}}],"multi":false},"module":{"reference":{"__symbol":29,"members":[]},"diDeps":[{"isAttribute":false,"isHost":false,"isSelf":false,"isSkipSelf":true,"isOptional":true,"token":{"identifier":{"reference":{"__symbol":29,"members":[]}}}}],"lifecycleHooks":[]}},{"provider":{"token":{"identifier":{"reference":{"__symbol":42,"members":[]}}},"useClass":null,"useFactory":null,"useExisting":{"identifier":{"reference":{"__symbol":39,"members":[]}}},"multi":false},"module":{"reference":{"__symbol":29,"members":[]},"diDeps":[{"isAttribute":false,"isHost":false,"isSelf":false,"isSkipSelf":true,"isOptional":true,"token":{"identifier":{"reference":{"__symbol":29,"members":[]}}}}],"lifecycleHooks":[]}},{"provider":{"token":{"identifier":{"reference":{"__symbol":43,"members":[]}}},"useClass":null,"useFactory":null,"useExisting":{"identifier":{"reference":{"__symbol":41,"members":[]}}},"multi":false},"module":{"reference":{"__symbol":29,"members":[]},"diDeps":[{"isAttribute":false,"isHost":false,"isSelf":false,"isSkipSelf":true,"isOptional":true,"token":{"identifier":{"reference":{"__symbol":29,"members":[]}}}}],"lifecycleHooks":[]}},{"provider":{"token":{"identifier":{"reference":{"__symbol":41,"members":[]},"diDeps":[{"isAttribute":false,"isHost":false,"isSelf":false,"isSkipSelf":false,"isOptional":false,"token":{"identifier":{"reference":{"__symbol":31,"members":[]}}}}],"lifecycleHooks":[1]}},"useClass":{"reference":{"__symbol":41,"members":[]},"diDeps":[{"isAttribute":false,"isHost":false,"isSelf":false,"isSkipSelf":false,"isOptional":false,"token":{"identifier":{"reference":{"__symbol":31,"members":[]}}}}],"lifecycleHooks":[1]},"useFactory":null,"deps":[{"isAttribute":false,"isHost":false,"isSelf":false,"isSkipSelf":false,"isOptional":false,"token":{"identifier":{"reference":{"__symbol":31,"members":[]}}}}],"multi":false},"module":{"reference":{"__symbol":29,"members":[]},"diDeps":[{"isAttribute":false,"isHost":false,"isSelf":false,"isSkipSelf":true,"isOptional":true,"token":{"identifier":{"reference":{"__symbol":29,"members":[]}}}}],"lifecycleHooks":[]}},{"provider":{"token":{"identifier":{"reference":{"__symbol":44,"members":[]},"diDeps":[{"isAttribute":false,"isHost":false,"isSelf":false,"isSkipSelf":false,"isOptional":false,"token":{"identifier":{"reference":{"__symbol":9,"members":[]}}}}],"lifecycleHooks":[]}},"useClass":{"reference":{"__symbol":44,"members":[]},"diDeps":[{"isAttribute":false,"isHost":false,"isSelf":false,"isSkipSelf":false,"isOptional":false,"token":{"identifier":{"reference":{"__symbol":9,"members":[]}}}}],"lifecycleHooks":[]},"useFactory":null,"deps":[{"isAttribute":false,"isHost":false,"isSelf":false,"isSkipSelf":false,"isOptional":false,"token":{"identifier":{"reference":{"__symbol":9,"members":[]}}}}],"multi":false},"module":{"reference":{"__symbol":29,"members":[]},"diDeps":[{"isAttribute":false,"isHost":false,"isSelf":false,"isSkipSelf":true,"isOptional":true,"token":{"identifier":{"reference":{"__symbol":29,"members":[]}}}}],"lifecycleHooks":[]}},{"provider":{"token":{"identifier":{"reference":{"__symbol":40,"members":[]},"diDeps":[{"isAttribute":false,"isHost":false,"isSelf":false,"isSkipSelf":false,"isOptional":false,"token":{"identifier":{"reference":{"__symbol":33,"members":[]}}}},{"isAttribute":false,"isHost":false,"isSelf":false,"isSkipSelf":false,"isOptional":false,"token":{"identifier":{"reference":{"__symbol":9,"members":[]}}}}],"lifecycleHooks":[]}},"useClass":{"reference":{"__symbol":40,"members":[]},"diDeps":[{"isAttribute":false,"isHost":false,"isSelf":false,"isSkipSelf":false,"isOptional":false,"token":{"identifier":{"reference":{"__symbol":33,"members":[]}}}},{"isAttribute":false,"isHost":false,"isSelf":false,"isSkipSelf":false,"isOptional":false,"token":{"identifier":{"reference":{"__symbol":9,"members":[]}}}}],"lifecycleHooks":[]},"useFactory":null,"deps":[{"isAttribute":false,"isHost":false,"isSelf":false,"isSkipSelf":false,"isOptional":false,"token":{"identifier":{"reference":{"__symbol":33,"members":[]}}}},{"isAttribute":false,"isHost":false,"isSelf":false,"isSkipSelf":false,"isOptional":false,"token":{"identifier":{"reference":{"__symbol":9,"members":[]}}}}],"multi":false},"module":{"reference":{"__symbol":29,"members":[]},"diDeps":[{"isAttribute":false,"isHost":false,"isSelf":false,"isSkipSelf":true,"isOptional":true,"token":{"identifier":{"reference":{"__symbol":29,"members":[]}}}}],"lifecycleHooks":[]}},{"provider":{"token":{"identifier":{"reference":{"__symbol":17,"members":[]}}},"useClass":null,"useFactory":{"reference":{"__symbol":45,"members":[]},"diDeps":[{"isAttribute":false,"isHost":false,"isSelf":false,"isSkipSelf":false,"isOptional":true,"token":{"identifier":{"reference":{"__symbol":46,"members":[]}}}},{"isAttribute":false,"isHost":false,"isSelf":false,"isSkipSelf":false,"isOptional":true,"token":{"identifier":{"reference":{"__symbol":47,"members":[]}}}}]},"deps":[{"isAttribute":false,"isHost":false,"isSelf":false,"isSkipSelf":false,"isOptional":true,"token":{"identifier":{"reference":{"__symbol":46,"members":[]}}}},{"isAttribute":false,"isHost":false,"isSelf":false,"isSkipSelf":false,"isOptional":true,"token":{"identifier":{"reference":{"__symbol":47,"members":[]}}}}],"multi":true},"module":{"reference":{"__symbol":29,"members":[]},"diDeps":[{"isAttribute":false,"isHost":false,"isSelf":false,"isSkipSelf":true,"isOptional":true,"token":{"identifier":{"reference":{"__symbol":29,"members":[]}}}}],"lifecycleHooks":[]}},{"provider":{"token":{"identifier":{"reference":{"__symbol":48,"members":[]},"diDeps":[{"isAttribute":false,"isHost":false,"isSelf":false,"isSkipSelf":false,"isOptional":false,"token":{"identifier":{"reference":{"__symbol":31,"members":[]}}}}],"lifecycleHooks":[]}},"useClass":{"reference":{"__symbol":48,"members":[]},"diDeps":[{"isAttribute":false,"isHost":false,"isSelf":false,"isSkipSelf":false,"isOptional":false,"token":{"identifier":{"reference":{"__symbol":31,"members":[]}}}}],"lifecycleHooks":[]},"useFactory":null,"deps":[{"isAttribute":false,"isHost":false,"isSelf":false,"isSkipSelf":false,"isOptional":false,"token":{"identifier":{"reference":{"__symbol":31,"members":[]}}}}],"multi":false},"module":{"reference":{"__symbol":29,"members":[]},"diDeps":[{"isAttribute":false,"isHost":false,"isSelf":false,"isSkipSelf":true,"isOptional":true,"token":{"identifier":{"reference":{"__symbol":29,"members":[]}}}}],"lifecycleHooks":[]}},{"provider":{"token":{"identifier":{"reference":{"__symbol":49,"members":[]},"diDeps":[{"isAttribute":false,"isHost":false,"isSelf":false,"isSkipSelf":false,"isOptional":false,"token":{"identifier":{"reference":{"__symbol":31,"members":[]}}}}],"lifecycleHooks":[]}},"useClass":{"reference":{"__symbol":49,"members":[]},"diDeps":[{"isAttribute":false,"isHost":false,"isSelf":false,"isSkipSelf":false,"isOptional":false,"token":{"identifier":{"reference":{"__symbol":31,"members":[]}}}}],"lifecycleHooks":[]},"useFactory":null,"deps":[{"isAttribute":false,"isHost":false,"isSelf":false,"isSkipSelf":false,"isOptional":false,"token":{"identifier":{"reference":{"__symbol":31,"members":[]}}}}],"multi":false},"module":{"reference":{"__symbol":29,"members":[]},"diDeps":[{"isAttribute":false,"isHost":false,"isSelf":false,"isSkipSelf":true,"isOptional":true,"token":{"identifier":{"reference":{"__symbol":29,"members":[]}}}}],"lifecycleHooks":[]}}],"modules":[{"reference":{"__symbol":7,"members":[]},"diDeps":[],"lifecycleHooks":[]},{"reference":{"__symbol":15,"members":[]},"diDeps":[{"isAttribute":false,"isHost":false,"isSelf":false,"isSkipSelf":false,"isOptional":false,"token":{"identifier":{"reference":{"__symbol":16,"members":[]}}}}],"lifecycleHooks":[]},{"reference":{"__symbol":29,"members":[]},"diDeps":[{"isAttribute":false,"isHost":false,"isSelf":false,"isSkipSelf":true,"isOptional":true,"token":{"identifier":{"reference":{"__symbol":29,"members":[]}}}}],"lifecycleHooks":[]},{"reference":{"__symbol":2,"members":[]},"diDeps":[],"lifecycleHooks":[]}],"exportedDirectives":[],"exportedPipes":[]}}],"symbols":[{"__symbol":0,"name":"AppComponent","filePath":"C:/Projects/Kaiser/LocalProjects/angular2-aot-webpack-master/src/app/modules/main.module.d.ts"},{"__symbol":1,"name":"AppComponent","filePath":"C:/Projects/Kaiser/LocalProjects/angular2-aot-webpack-master/src/app/components/app.component.d.ts"},{"__symbol":2,"name":"MainModule","filePath":"C:/Projects/Kaiser/LocalProjects/angular2-aot-webpack-master/src/app/modules/main.module.d.ts"},{"__symbol":3,"name":"AppComponentNgFactory","filePath":"C:/Projects/Kaiser/LocalProjects/angular2-aot-webpack-master/src/app/components/app.component.ngfactory.d.ts"},{"__symbol":4,"name":"NgLocalization","filePath":"C:/Projects/Kaiser/LocalProjects/angular2-aot-webpack-master/node_modules/@angular/common/common.d.ts"},{"__symbol":5,"name":"NgLocaleLocalization","filePath":"C:/Projects/Kaiser/LocalProjects/angular2-aot-webpack-master/node_modules/@angular/common/common.d.ts"},{"__symbol":6,"name":"LOCALE_ID","filePath":"C:/Projects/Kaiser/LocalProjects/angular2-aot-webpack-master/node_modules/@angular/core/core.d.ts"},{"__symbol":7,"name":"CommonModule","filePath":"C:/Projects/Kaiser/LocalProjects/angular2-aot-webpack-master/node_modules/@angular/common/common.d.ts"},{"__symbol":8,"name":"ɵf","filePath":"C:/Projects/Kaiser/LocalProjects/angular2-aot-webpack-master/node_modules/@angular/core/core.d.ts"},{"__symbol":9,"name":"NgZone","filePath":"C:/Projects/Kaiser/LocalProjects/angular2-aot-webpack-master/node_modules/@angular/core/core.d.ts"},{"__symbol":10,"name":"ɵConsole","filePath":"C:/Projects/Kaiser/LocalProjects/angular2-aot-webpack-master/node_modules/@angular/core/core.d.ts"},{"__symbol":11,"name":"Injector","filePath":"C:/Projects/Kaiser/LocalProjects/angular2-aot-webpack-master/node_modules/@angular/core/core.d.ts"},{"__symbol":12,"name":"ErrorHandler","filePath":"C:/Projects/Kaiser/LocalProjects/angular2-aot-webpack-master/node_modules/@angular/core/core.d.ts"},{"__symbol":13,"name":"ComponentFactoryResolver","filePath":"C:/Projects/Kaiser/LocalProjects/angular2-aot-webpack-master/node_modules/@angular/core/core.d.ts"},{"__symbol":14,"name":"ApplicationInitStatus","filePath":"C:/Projects/Kaiser/LocalProjects/angular2-aot-webpack-master/node_modules/@angular/core/core.d.ts"},{"__symbol":15,"name":"ApplicationModule","filePath":"C:/Projects/Kaiser/LocalProjects/angular2-aot-webpack-master/node_modules/@angular/core/core.d.ts"},{"__symbol":16,"name":"ApplicationRef","filePath":"C:/Projects/Kaiser/LocalProjects/angular2-aot-webpack-master/node_modules/@angular/core/core.d.ts"},{"__symbol":17,"name":"APP_INITIALIZER","filePath":"C:/Projects/Kaiser/LocalProjects/angular2-aot-webpack-master/node_modules/@angular/core/core.d.ts"},{"__symbol":18,"name":"Compiler","filePath":"C:/Projects/Kaiser/LocalProjects/angular2-aot-webpack-master/node_modules/@angular/core/core.d.ts"},{"__symbol":19,"name":"APP_ID","filePath":"C:/Projects/Kaiser/LocalProjects/angular2-aot-webpack-master/node_modules/@angular/core/core.d.ts"},{"__symbol":20,"name":"ɵg","filePath":"C:/Projects/Kaiser/LocalProjects/angular2-aot-webpack-master/node_modules/@angular/core/core.d.ts"},{"__symbol":21,"name":"IterableDiffers","filePath":"C:/Projects/Kaiser/LocalProjects/angular2-aot-webpack-master/node_modules/@angular/core/core.d.ts"},{"__symbol":22,"name":"ɵl","filePath":"C:/Projects/Kaiser/LocalProjects/angular2-aot-webpack-master/node_modules/@angular/core/core.d.ts"},{"__symbol":23,"name":"KeyValueDiffers","filePath":"C:/Projects/Kaiser/LocalProjects/angular2-aot-webpack-master/node_modules/@angular/core/core.d.ts"},{"__symbol":24,"name":"ɵm","filePath":"C:/Projects/Kaiser/LocalProjects/angular2-aot-webpack-master/node_modules/@angular/core/core.d.ts"},{"__symbol":25,"name":"ɵn","filePath":"C:/Projects/Kaiser/LocalProjects/angular2-aot-webpack-master/node_modules/@angular/core/core.d.ts"},{"__symbol":26,"name":"ɵo","filePath":"C:/Projects/Kaiser/LocalProjects/angular2-aot-webpack-master/node_modules/@angular/core/core.d.ts"},{"__symbol":27,"name":"Sanitizer","filePath":"C:/Projects/Kaiser/LocalProjects/angular2-aot-webpack-master/node_modules/@angular/core/core.d.ts"},{"__symbol":28,"name":"DomSanitizer","filePath":"C:/Projects/Kaiser/LocalProjects/angular2-aot-webpack-master/node_modules/@angular/platform-browser/platform-browser.d.ts"},{"__symbol":29,"name":"BrowserModule","filePath":"C:/Projects/Kaiser/LocalProjects/angular2-aot-webpack-master/node_modules/@angular/platform-browser/platform-browser.d.ts"},{"__symbol":30,"name":"ɵe","filePath":"C:/Projects/Kaiser/LocalProjects/angular2-aot-webpack-master/node_modules/@angular/platform-browser/platform-browser.d.ts"},{"__symbol":31,"name":"DOCUMENT","filePath":"C:/Projects/Kaiser/LocalProjects/angular2-aot-webpack-master/node_modules/@angular/platform-browser/platform-browser.d.ts"},{"__symbol":32,"name":"ɵa","filePath":"C:/Projects/Kaiser/LocalProjects/angular2-aot-webpack-master/node_modules/@angular/platform-browser/platform-browser.d.ts"},{"__symbol":33,"name":"EVENT_MANAGER_PLUGINS","filePath":"C:/Projects/Kaiser/LocalProjects/angular2-aot-webpack-master/node_modules/@angular/platform-browser/platform-browser.d.ts"},{"__symbol":34,"name":"ɵDomEventsPlugin","filePath":"C:/Projects/Kaiser/LocalProjects/angular2-aot-webpack-master/node_modules/@angular/platform-browser/platform-browser.d.ts"},{"__symbol":35,"name":"ɵKeyEventsPlugin","filePath":"C:/Projects/Kaiser/LocalProjects/angular2-aot-webpack-master/node_modules/@angular/platform-browser/platform-browser.d.ts"},{"__symbol":36,"name":"ɵHammerGesturesPlugin","filePath":"C:/Projects/Kaiser/LocalProjects/angular2-aot-webpack-master/node_modules/@angular/platform-browser/platform-browser.d.ts"},{"__symbol":37,"name":"HAMMER_GESTURE_CONFIG","filePath":"C:/Projects/Kaiser/LocalProjects/angular2-aot-webpack-master/node_modules/@angular/platform-browser/platform-browser.d.ts"},{"__symbol":38,"name":"HammerGestureConfig","filePath":"C:/Projects/Kaiser/LocalProjects/angular2-aot-webpack-master/node_modules/@angular/platform-browser/platform-browser.d.ts"},{"__symbol":39,"name":"ɵDomRendererFactory2","filePath":"C:/Projects/Kaiser/LocalProjects/angular2-aot-webpack-master/node_modules/@angular/platform-browser/platform-browser.d.ts"},{"__symbol":40,"name":"EventManager","filePath":"C:/Projects/Kaiser/LocalProjects/angular2-aot-webpack-master/node_modules/@angular/platform-browser/platform-browser.d.ts"},{"__symbol":41,"name":"ɵDomSharedStylesHost","filePath":"C:/Projects/Kaiser/LocalProjects/angular2-aot-webpack-master/node_modules/@angular/platform-browser/platform-browser.d.ts"},{"__symbol":42,"name":"RendererFactory2","filePath":"C:/Projects/Kaiser/LocalProjects/angular2-aot-webpack-master/node_modules/@angular/core/core.d.ts"},{"__symbol":43,"name":"ɵSharedStylesHost","filePath":"C:/Projects/Kaiser/LocalProjects/angular2-aot-webpack-master/node_modules/@angular/platform-browser/platform-browser.d.ts"},{"__symbol":44,"name":"Testability","filePath":"C:/Projects/Kaiser/LocalProjects/angular2-aot-webpack-master/node_modules/@angular/core/core.d.ts"},{"__symbol":45,"name":"ɵc","filePath":"C:/Projects/Kaiser/LocalProjects/angular2-aot-webpack-master/node_modules/@angular/platform-browser/platform-browser.d.ts"},{"__symbol":46,"name":"NgProbeToken","filePath":"C:/Projects/Kaiser/LocalProjects/angular2-aot-webpack-master/node_modules/@angular/platform-browser/platform-browser.d.ts"},{"__symbol":47,"name":"NgProbeToken","filePath":"C:/Projects/Kaiser/LocalProjects/angular2-aot-webpack-master/node_modules/@angular/core/core.d.ts"},{"__symbol":48,"name":"Meta","filePath":"C:/Projects/Kaiser/LocalProjects/angular2-aot-webpack-master/node_modules/@angular/platform-browser/platform-browser.d.ts"},{"__symbol":49,"name":"Title","filePath":"C:/Projects/Kaiser/LocalProjects/angular2-aot-webpack-master/node_modules/@angular/platform-browser/platform-browser.d.ts"}]}